id;name;type;frequency;cut_off_day;cut_off_time
1;Republic of Korea;Baby Lakes;Polarised circuit CSS;Table;Analyst responsive Wooden
2;program recontextualize;Singapore Fantastic invoice;Switchable intranet;extend ivory;web-readiness fuchsia
3;Agent maroon;Maryland leading-edge;wireless deposit multi-byte;XML;Borders unleash Pennsylvania
4;generating Beauty collaboration;Designer bleeding-edge SMTP;CSS;invoice Squares;Nevada SCSI
5;supply-chains;forecast Berkshire yellow;bifurcated innovative;Guam;Brand info-mediaries Integrated
6;uniform invoice Money Market Account;Pizza;deposit 1080p;virtual parsing Fantastic;deposit
7;Organic intermediate;capability East Caribbean Dollar demand-driven;Personal Loan Account;Small Granite Car;6th generation Bacon Guernsey
8;Data;back-end Western Sahara;end-to-end maroon;maximize paradigms;Handmade TCP platforms
9;generate networks Mississippi;innovative;Gorgeous copy;Awesome Metal Mouse Fish;Money Market Account deposit Credit Card Account
10;matrices;circuit Dynamic;empower;Parks web-readiness;Avon invoice initiatives
